Louisville & Nashville,Locomotive,2502,Walthers,Yes,Yes,LOCO_LN_2502.jpg
Louisville & Nashville,Locomotive,3002,Atlas,Yes,No,LOCO_LN_3002.jpg
Louisville & Nashville,Locomotive,458,Bachmann,Yes,Yes,LOCO_LN_458.jpg
Louisville & Nashville,Locomotive,3021,Atlas,No,No,LOCO_LN_3021.jpg
Louisville & Nashville,Caboose,1250,Athearn,No,No,CABOOSE_LN_1250.jpg
Louisville & Nashville,Caboose,1287,Athearn,No,No,CABOOSE_LN_1287.jpg
Louisville & Nashville,Caboose,6033,Athearn,No,No,CABOOSE_LN_6033.jpg
Louisville & Nashville,Caboose,6145,Athearn,No,No,CABOOSE_LN_6145.jpg
Louisville & Nashville,Caboose,6379,Athearn,No,No,CABOOSE_LN_6379.jpg
Southern,Locomotive,176W,LifeLike,Yes,No,LOCO_SOU_176W.jpg
Southern,Locomotive,2735,Atlas,Yes,No,LOCO_SOU_2735.jpg
Southern,Locomotive,2741,Atlas,Yes,No,LOCO_SOU_2741.jpg
Chesapeake & Ohio,Locomotive,4828,Atlas,Yes,No,LOCO_CO_4828.jpg
Chesapeake & Ohio,Locomotive,5817,LifeLike,Yes,No,LOCO_CO_5817.jpg
Norfolk Southern,Locomotive,5616,Bachmann,No,No,LOCO_NS_5616.jpg
Union Pacific,Locomotive,3643,Bachmann,Yes,No,LOCO_UP_3643.jpg
Union Pacific,Locomotive,660,Bachmann,Yes,No,LOCO_UP_660.jpg
